Company Name,Website,LinkedIn,,
TensorStax,tensorstax.com,https://www.linkedin.com/company/tensorstax,,
RoboForce,roboforce.ai,https://www.linkedin.com/company/roboforce-ai,,
LM Arena,lmarena.ai,https://www.linkedin.com/company/lmarena,,
Sanity,sanity.io,https://www.linkedin.com/company/sanity-io,,
CodeAnt AI,codeant.ai,https://www.linkedin.com/company/codeant-ai,,
Layer AI,layer.ai,https://www.linkedin.com/company/layerai,,
Greenlite AI,greenlite.ai,https://www.linkedin.com/company/greenlite-ai,,
Hedra,hedra.com,https://www.linkedin.com/company/hedra-labs,,
Reconstruct,reconstructinc.com,https://www.linkedin.com/company/reconstruct-inc.,,
World Network,world.org,https://www.linkedin.com/company/worldofficial,,
Coworker.ai,coworker.ai,https://www.linkedin.com/company/get-coworker,,
Metafoodx,metafoodx.com,https://www.linkedin.com/company/metafoodx,,
Forethought,forethought.ai,https://www.linkedin.com/company/forethought-ai,,
Owner,owner.com,https://www.linkedin.com/company/owner-com,,
Adopt AI,adopt.ai,https://www.linkedin.com/company/getadoptai,,
Redica Systems,redica.com,https://www.linkedin.com/company/redicasystems,,
Saildrone,saildrone.com,https://www.linkedin.com/company/saildrone-inc,,
New Gen,new-gen.ai,https://www.linkedin.com/company/anewgeneration,,
Openlayer,openlayer.com,https://www.linkedin.com/company/openlayerco,,
Arkestro,arkestro.com,https://www.linkedin.com/company/arkestro,,
Cognichip,cognichip.ai,https://www.linkedin.com/company/cognichip,,
DataHub,datahub.com,https://www.linkedin.com/company/datahub-cloud,,
Fastino,fastino.ai,https://www.linkedin.com/company/fastinoai,,
Rad AI,radai.com,https://www.linkedin.com/company/radai,,
VoiceCare AI,voicecare.ai,https://www.linkedin.com/company/voicecare,,
Solidroad,solidroad.com,https://www.linkedin.com/company/solidroad,,
Spott,spott.io,https://www.linkedin.com/company/spottai,,
Ciroos,ciroos.ai,https://www.linkedin.com/company/ciroos,,
xRobotics,xrobotics.io,https://www.linkedin.com/company/xrobotics,,
Instead,instead.com,https://www.linkedin.com/company/tryinstead,,
Grammarly,grammarly.com,https://www.linkedin.com/company/grammarly,,
Canary Technologies,canarytechnologies.com,https://www.linkedin.com/company/canarytech,,
Browserbase,browserbase.com,https://www.linkedin.com/company/browserbasehq,,
SCI Solutions,r1rcm.com,https://www.linkedin.com/company/sci-solutions,,
Strava,strava.com,https://www.linkedin.com/company/strava-inc.,,
WorkDone,wrkdn.com,https://www.linkedin.com/company/adentris,,
Uncountable,uncountable.com,https://www.linkedin.com/company/uncountable-inc,,
Unbound,getunbound.ai,https://www.linkedin.com/company/unboundsec,,
Fleet Device Management,fleetdm.com,https://www.linkedin.com/company/fleetdm,,
Landbase,landbase.com,https://www.linkedin.com/company/landbase,,
Neuron Factory,neuronfactory.ai,,,
Neuralink,neuralink.com,https://www.linkedin.com/company/neuralink,,
RevenueCat,revenuecat.com,https://www.linkedin.com/company/revenuecat,,
Bito,bito.ai,https://www.linkedin.com/company/bitodev,,
Obvio,obvio.ai,https://www.linkedin.com/company/obvio-inc,,
BackOps AI,backops.ai,https://www.linkedin.com/company/backops-ai,,
RIIICO,riiico.com,https://www.linkedin.com/company/riiico,,
Pallet,trypallet.com,https://www.linkedin.com/company/palletsystems,,
Deep Sentinel,deepsentinel.com,https://www.linkedin.com/company/deepsentinel,,
Cerby,cerby.com,https://www.linkedin.com/company/cerby,,
Chalk,chalk.ai,https://www.linkedin.com/company/chalkai,,
Kota,kota.io,https://www.linkedin.com/company/kotabenefits,,
Infisical,infisical.com,https://www.linkedin.com/company/infisical,,
Interactly AI,interactly.ai,https://www.linkedin.com/company/interactly-gen-ai,,
Rime,rime.ai,https://www.linkedin.com/company/rime-ai,,
Deccan AI,deccan.ai,https://www.linkedin.com/company/ai-deccan,,
Aerones,aerones.com,https://www.linkedin.com/company/aerones,,
Meter,meter.com,https://www.linkedin.com/company/meter-com,,
Salestools AI,salestools.io,https://www.linkedin.com/company/salestoolsio,,
Kargo,mykargo.com,https://www.linkedin.com/company/mykargo,,
Sedai,sedai.io,https://www.linkedin.com/company/sedai,,
Ellipsis Health,ellipsishealth.com,https://www.linkedin.com/company/ellipsis-health,,
Conveyor,conveyor.com,https://www.linkedin.com/company/conveyorhq,,
Typedef,typedef.ai,https://www.linkedin.com/company/typedefai,,
Creatify,creatify.ai,https://www.linkedin.com/company/creatify-ai,,
Linear,linear.app,https://www.linkedin.com/company/linearapp,,
Horizon3.ai,horizon3.ai,https://www.linkedin.com/company/horizon3ai,,
Pano,pano.ai,https://www.linkedin.com/company/pano-ai,,
Archil,archil.com,https://www.linkedin.com/company/archil,,
Scale AI,scale.com,https://www.linkedin.com/company/scaleai,,
Toma,toma.com,https://www.linkedin.com/company/toma-ai,,
Celltrio,celltrio.com,https://www.linkedin.com/company/celltrio,,
Hex Technologies,hex.tech,https://www.linkedin.com/company/hex-technologies,,
Daybreak,daybreak.ai,https://www.linkedin.com/company/daybreak-ai,,
Artificial Intelligence Underwriting Company,aiuc.com,https://www.linkedin.com/company/aiunderwriting,,
ValGenesis,valgenesis.com,https://www.linkedin.com/company/valgenesis-inc,,
MaintainX,getmaintainx.com,https://www.linkedin.com/company/getmaintainx,,
Blok,joinblok.co,https://www.linkedin.com/company/blokai,,
Armada,armada.ai,https://www.linkedin.com/company/armadaai,,
Vultron,vultron.ai,https://www.linkedin.com/company/vultron,,
ZeroEntropy,zeroentropy.dev,https://www.linkedin.com/company/zeroentropy-inc,,
StrongestLayer,strongestlayer.com,https://www.linkedin.com/company/strongestlayer,,
Nexxa.ai,nexxa.ai,https://www.linkedin.com/company/nexxa-ai,,
Composio,composio.dev,https://www.linkedin.com/company/composiohq,,
Sparrow,trysparrow.com,https://www.linkedin.com/company/sparrowinc,,
Coverflow,coverflow.com,https://www.linkedin.com/company/coverflow,,
AirGarage,airgarage.com,https://www.linkedin.com/company/11073298,,
Reka,reka.ai,https://www.linkedin.com/company/reka-ai,,
Unify,unifygtm.com,https://www.linkedin.com/company/unifygtm,,
Cluely,cluely.com,https://www.linkedin.com/company/cluely,,
Lumana,lumana.ai,https://www.linkedin.com/company/lumana-ai,,
BrightAI,bright.ai,https://www.linkedin.com/company/brightai,,
Vanta,vanta.com,https://www.linkedin.com/company/vanta-security,,
Ashby,ashbyhq.com,https://www.linkedin.com/company/ashbyhq,,
Eventual,eventual.ai,https://www.linkedin.com/company/eventualai,,
Arine,arine.io,https://www.linkedin.com/company/arinehealth,,
Spacelift,spacelift.io,https://www.linkedin.com/company/spacelift-io,,
Felt,felt.com,https://www.linkedin.com/company/felt-inc,,
E2B,e2b.dev,https://www.linkedin.com/company/e2b-dev,,
Synfini,synfini.com,https://www.linkedin.com/company/synfini-inc,,